"label","data_md5"
"m-updown","699fce6c520744307c4aee2128d0f9c7"
"m-overall","9491da8c76294b4fd4bbd09723690d20"
"m-upward","0e4cba935982ce90a749813fb1606cc0"
"m-downward","a928287bece5c199c1a8f00d2973bc9d"
"m-updown-adj","2710c19428ee8d0dbea9da55b69b8b52"
"m-structural","a82f4943b675303f1418eee4507c3ac1"
"m-exchange","9fb413ad7ae7423783fbec2e2ec6c665"
"m-ss-exchange","3cebdff77a5e7d38552e1deba66d3222"
"m-aim","82517472254c10de26940c2397da413e"
"m-geenens","993be2837f0e2dd57744cdbc4bc607bf"
"m-rankrank","86e1b7f3d5cc6a6df8d871a0ca2e8ed9"
"m-lambda2","3a8745612e5da1016bcc1c370a9706dd"
"m-amte","01bcb1b641d27ec1b69acdc82cba8a38"
"m-altham","b1038a11361492db7ca0655dc410bb0d"
"m-hellinger","be8b97cb25befb039dc3931efec33c2e"
"c-overall","bc0a568c48692c9da05e9ec2b2ad6b80"
"c-upward","ccccbfdf1071a017913802587491d61a"
"c-downward","8611898f374e613e5f2e281384f65aae"
"c-structural","da3a7539af019f1352cd579056eab907"
"c-exchange","d28a66f25850cc3353e7ceaa75478e13"
"c-aim","c19845edfdf9b1af3d11075f26977598"
"c-amte","2008a3f191b572077364f12796ecec1b"
"c-lambda2","c1e9ae6d39411a283ad5ec1925f51407"
"c-geenens","475beae13a28eed344e2684b17274bb1"
"c-hellinger","d160728ca200806c566d5d46269f9348"
"c-altham","e74588161caca865269e3fdb4a36b268"
"c-cls-mte","212d21742bdcc59508d9f35210fc290b"
"c-cls-imm","74f1579183c9d217056b208627864212"
"cls-mte","b91f75a814bbe47d9d5af749346b767e"
"cls-imm","7d34174a5f35b9b33dd51e5fa16874a6"
"m-updown-u","74c8acdd045fa6fa13dd217f720d13f8"
"m-overall-u","aed1807bb448019598c61ba09ee0508e"
"m-upward-u","61c7001a9865b6c9f1f690391df7c3f7"
"m-downward-u","36edd6adcfe4735335b9c0ed0d5e206c"
"m-structural-u","abff98e2b4d5acb8ec3c54dbd3542803"
"m-exchange-u","499daeac27272875dae0c7d7fd4d8922"
"m-ss-exchange-u","98e23ad86b9f2d9e671aad048a1d2748"
"m-aim-u","7c493f2f1913dccc33af18ccd15b1b8d"
"m-geenens-u","6417f101bc7d474901bbdfff9a8af4e9"
"m-lambda2-u","83c2c74e9d2b4cb5b61de0070d92f2b1"
"m-amte-u","1d375df3ac47c8d719522623b0fe1ed8"
"m-altham-u","417097b3466d61d66aab8e55bf00308f"
"m-hellinger-u","923ac35994970178dce4a020c7979c47"
"cls-mte-u","605fc2885727cdab998f3455b7d69f74"
"cls-imm-u","38da847c9f7731559c3d3257a93fecf0"
